name,version,ecosystem,vendor
helper-string-parser,7.19.4,,The Babel Team
helper-validator-identifier,7.19.1,,The Babel Team
parser,7.21.2,,The Babel Team
types,7.21.2,npm,The Babel Team
colors,1.5.0,npm,DABH
diagnostics,2.0.3,npm,Arnout Kazemier
promisify,1.1.3,npm,Gar
node-pre-gyp,1.0.10,npm,Dane Springmeyer
ansi-regex,5.0.1,npm,Sindre Sorhus
are-we-there-yet,2.0.0,npm,GitHub Inc.
detect-libc,2.0.1,npm,Lovell Fuller
gauge,3.0.2,npm,Rebecca Turner
is-fullwidth-code-point,3.0.0,npm,Sindre Sorhus
make-dir,3.1.0,npm,Sindre Sorhus
semver,6.3.0,npm,
nopt,5.0.0,npm,Isaac Z. Schlueter
npmlog,5.0.1,npm,Isaac Z. Schlueter
readable-stream,3.6.1,npm,
string-width,4.2.3,npm,Sindre Sorhus
strip-ansi,6.0.1,npm,Sindre Sorhus
core-loader,4.26.1,npm,Jesus Seijas
core,4.26.1,npm,Jesus Seijas
evaluator,4.26.1,npm,Jesus Seijas
lang-all,4.26.1,npm,Jesus Seijas
lang-ar,4.26.1,npm,Jesus Seijas
lang-bn,4.26.1,npm,Jesus Seijas
lang-ca,4.26.1,npm,Jesus Seijas
lang-cs,4.26.1,npm,Jesus Seijas
lang-da,4.26.1,npm,Jesus Seijas
lang-de,4.26.1,npm,Jesus Seijas
lang-el,4.26.1,npm,Jesus Seijas
lang-en-min,4.26.1,npm,Jesus Seijas
lang-en,4.26.1,npm,Jesus Seijas
lang-es,4.26.1,npm,Jesus Seijas
lang-eu,4.26.1,npm,Jesus Seijas
lang-fa,4.26.1,npm,Jesus Seijas
lang-fi,4.26.1,npm,Jesus Seijas
lang-fr,4.26.1,npm,Jesus Seijas
lang-ga,4.26.1,npm,Jesus Seijas
lang-gl,4.26.1,npm,Jesus Seijas
lang-hi,4.26.1,npm,Jesus Seijas
lang-hu,4.26.1,npm,Jesus Seijas
lang-hy,4.26.1,npm,Jesus Seijas
lang-id,4.26.1,npm,Jesus Seijas
lang-it,4.26.1,npm,Jesus Seijas
lang-ja,4.26.1,npm,Jesus Seijas
lang-ko,4.26.1,npm,Jesus Seijas
lang-lt,4.26.1,npm,Jesus Seijas
lang-ms,4.26.1,npm,Jesus Seijas
lang-ne,4.26.1,npm,Jesus Seijas
lang-nl,4.26.1,npm,Jesus Seijas
lang-no,4.26.1,npm,Jesus Seijas
lang-pl,4.26.1,npm,Jesus Seijas
lang-pt,4.26.1,npm,Jesus Seijas
lang-ro,4.26.1,npm,Jesus Seijas
lang-ru,4.26.1,npm,Jesus Seijas
lang-sl,4.26.1,npm,Jesus Seijas
lang-sr,4.26.1,npm,Jesus Seijas
lang-sv,4.26.1,npm,Jesus Seijas
lang-ta,4.26.1,npm,Jesus Seijas
lang-th,4.26.1,npm,Jesus Seijas
lang-tl,4.26.1,npm,Jesus Seijas
lang-tr,4.26.1,npm,Jesus Seijas
lang-uk,4.26.1,npm,Jesus Seijas
lang-zh,4.26.1,npm,Jesus Seijas
language-min,4.25.0,npm,Jesus Seijas
language,4.25.0,npm,Jesus Seijas
ner,4.26.1,npm,Jesus Seijas
neural,4.25.0,npm,Jesus Seijas
nlg,4.26.1,npm,Jesus Seijas
nlp,4.26.1,npm,Jesus Seijas
nlu,4.26.1,npm,Jesus Seijas
request,4.25.0,npm,Jesus Seijas
sentiment,4.26.1,npm,Jesus Seijas
similarity,4.26.1,npm,Jesus Seijas
slot,4.26.1,npm,Jesus Seijas
fs,1.1.1,npm,GitHub Inc.
move-file,1.1.2,npm,%40npmcli
mkdirp,1.0.4,npm,
core,12.0.1,npm,Gerald Yeo
plugin-crypto,12.0.1,npm,Gerald Yeo
plugin-thirty-two,12.0.1,npm,Gerald Yeo
preset-default,12.0.1,npm,Gerald Yeo
preset-v11,12.0.1,npm,Gerald Yeo
is,0.7.0,npm,Sindre Sorhus
helpers,0.3.17,npm,강동윤
token,0.3.0,npm,Borewit
once,2.0.0,npm,Nathan Rajlich
component-emitter,1.2.11,npm,%40types
cookie,0.4.1,npm,%40types
cors,2.8.13,npm,%40types
debug,4.1.7,npm,%40types
ms,0.7.31,npm,%40types
node,18.14.1,npm,%40types
strip-bom,3.0.0,npm,Mohamed Hegazy
strip-json-comments,0.0.30,npm,%40types
triple-beam,1.3.2,npm,%40types
validator,13.7.12,npm,%40types
abbrev,1.1.1,npm,Isaac Z. Schlueter
accepts,1.3.8,npm,
acorn-walk,8.2.0,npm,
acorn,7.4.1,npm,
agent-base,6.0.2,npm,Nathan Rajlich
debug,4.3.4,npm,Josh Junon
ms,2.1.2,npm,
agentkeepalive,4.2.1,npm,fengmk2
depd,1.1.2,npm,Douglas Christopher Wilson
aggregate-error,3.1.0,npm,Sindre Sorhus
ajv,6.12.6,npm,Evgeny Poberezkin
ansi-regex,2.1.1,npm,Sindre Sorhus
ansi-styles,3.2.1,npm,Sindre Sorhus
anymatch,3.1.3,npm,Elan Shanker
normalize-path,3.0.0,npm,Jon Schlinkert
append-field,1.0.0,npm,Linus Unnebäck
aproba,1.2.0,npm,Rebecca Turner
archive-type,4.0.0,npm,Kevin Mårtensson
file-type,4.4.0,npm,Sindre Sorhus
archiver-utils,1.3.0,npm,Chris Talkington
archiver,1.3.0,npm,Chris Talkington
are-we-there-yet,1.1.7,npm,Rebecca Turner
arg,4.1.3,npm,Josh Junon
argparse,1.0.10,npm,
sprintf-js,1.0.3,npm,Alexandru Marasteanu
arr-diff,4.0.0,npm,Jon Schlinkert
arr-flatten,1.1.0,npm,Jon Schlinkert
arr-union,3.1.0,npm,Jon Schlinkert
array-each,1.0.1,npm,Jon Schlinkert
array-flatten,1.1.1,npm,Blake Embrey
array-slice,1.1.0,npm,Jon Schlinkert
array-unique,0.3.2,npm,Jon Schlinkert
asap,2.0.6,npm,
asn1,0.2.6,npm,Joyent
assert-never,1.2.1,npm,Daniel Lytkin
assert-plus,1.0.0,npm,Mark Cavage
assign-symbols,1.0.0,npm,Jon Schlinkert
async,2.6.4,npm,Caolan McMahon
asynckit,0.4.0,npm,Alex Indigo
at-least-node,1.0.0,npm,Ryan Zimmerman
atob,2.1.2,npm,AJ ONeal
available-typed-arrays,1.0.5,npm,Jordan Harband
aws-sign2,0.7.0,npm,Mikeal Rogers
aws4,1.12.0,npm,Michael Hart
babel-walk,3.0.0-canary-5,npm,Timothy Gu
balanced-match,1.0.2,npm,Julian Gruber
base,0.11.2,npm,Jon Schlinkert
define-property,1.0.0,npm,Jon Schlinkert
base64-arraybuffer,0.1.4,npm,Niklas von Hertzen
base64-js,1.5.1,npm,T. Jameson Little
base64id,2.0.0,npm,Kristian Faeldt
base64url,0.0.6,npm,Brian J Brennan
basic-auth,2.0.1,npm,
batch,0.6.1,npm,TJ Holowaychuk
bcrypt-pbkdf,1.0.2,npm,
big-integer,1.6.51,npm,Peter Olson
binary-extensions,2.2.0,npm,Sindre Sorhus
binary,0.3.0,npm,James Halliday
bindings,1.5.0,npm,Nathan Rajlich
bintrees,1.0.2,npm,Vadim Graboys
bl,1.2.3,npm,
bluebird,3.7.2,npm,Petka Antonov
body-parser,1.20.2,npm,
bower-config,1.4.3,npm,Twitter
minimist,0.2.3,npm,James Halliday
brace-expansion,2.0.1,npm,Julian Gruber
braces,2.3.2,npm,Jon Schlinkert
extend-shallow,2.0.1,npm,Jon Schlinkert
is-extendable,0.1.1,npm,Jon Schlinkert
brotli,1.3.3,npm,Devon Govett
buffer-alloc-unsafe,1.1.0,npm,
buffer-alloc,1.2.0,npm,
buffer-crc32,0.2.13,npm,Brian J. Brennan
buffer-fill,1.0.0,npm,
buffer-from,1.1.2,npm,
buffer-indexof-polyfill,1.0.2,npm,https://github.com/sarosia
buffer,5.7.1,npm,Feross Aboukhadijeh
buffers,0.1.1,npm,James Halliday
busboy,0.2.14,npm,Brian White
isarray,0.0.1,npm,Julian Gruber
readable-stream,1.1.14,npm,Isaac Z. Schlueter
string_decoder,0.10.31,npm,
byline,4.2.2,npm,John Hewson
bytes,3.1.2,npm,TJ Holowaychuk
cacache,15.3.0,npm,
cache-base,1.0.1,npm,Jon Schlinkert
cacheable-request,2.1.4,npm,Luke Childs
get-stream,3.0.0,npm,Sindre Sorhus
lowercase-keys,1.0.0,npm,Sindre Sorhus
call-bind,1.0.2,npm,Jordan Harband
camelcase,5.3.1,npm,Sindre Sorhus
caseless,0.12.0,npm,Mikeal Rogers
chainsaw,0.1.0,npm,James Halliday
chalk,2.4.2,npm,
character-parser,2.2.0,npm,ForbesLindesay
check-dependencies,1.1.0,npm,Michał Gołębiowski-Owczarek
semver,5.7.1,npm,
check-types,6.0.0,npm,Phil Booth
chokidar,3.5.3,npm,Paul Miller
braces,3.0.2,npm,Jon Schlinkert
fill-range,7.0.1,npm,Jon Schlinkert
is-glob,4.0.3,npm,Jon Schlinkert
is-number,7.0.0,npm,Jon Schlinkert
to-regex-range,5.0.1,npm,Jon Schlinkert
chownr,2.0.0,npm,Isaac Z. Schlueter
clarinet,0.12.5,npm,Nuno Job
class-utils,0.3.6,npm,Jon Schlinkert
define-property,0.2.5,npm,Jon Schlinkert
is-accessor-descriptor,0.1.6,npm,Jon Schlinkert
kind-of,3.2.2,npm,Jon Schlinkert
is-data-descriptor,0.1.4,npm,Jon Schlinkert
is-descriptor,0.1.6,npm,Jon Schlinkert
kind-of,5.1.0,npm,Jon Schlinkert
clean-stack,2.2.0,npm,Sindre Sorhus
cliui,5.0.0,npm,Ben Coe
ansi-regex,4.1.1,npm,Sindre Sorhus
emoji-regex,7.0.3,npm,Mathias Bynens
is-fullwidth-code-point,2.0.0,npm,Sindre Sorhus
string-width,3.1.0,npm,Sindre Sorhus
strip-ansi,5.2.0,npm,Sindre Sorhus
clone-response,1.0.2,npm,Luke Childs
clone,2.1.2,npm,Paul Vorbach
code-point-at,1.1.0,npm,Sindre Sorhus
collection-visit,1.0.0,npm,Jon Schlinkert
color-convert,1.9.3,npm,Heather Arthur
color-name,1.1.3,npm,DY
color-string,1.9.1,npm,Heather Arthur
color-support,1.1.3,npm,Isaac Z. Schlueter
color,3.2.1,npm,
colors,1.4.0,npm,Marak Squires
colorspace,1.1.4,npm,Arnout Kazemier
combined-stream,1.0.8,npm,Felix Geisendörfer
commander,2.20.3,npm,TJ Holowaychuk
component-emitter,1.3.0,npm,
component-type,1.2.1,npm,
compress-commons,1.2.2,npm,Chris Talkington
compressible,2.0.18,npm,
compression,1.7.4,npm,
bytes,3.0.0,npm,TJ Holowaychuk
concat-map,0.0.1,npm,James Halliday
concat-stream,1.6.2,npm,Max Ogden
concurrently,5.3.0,npm,Kimmo Brunfeldt
supports-color,6.1.0,npm,Sindre Sorhus
config,3.3.9,npm,Loren West
console-control-strings,1.1.0,npm,Rebecca Turner
constantinople,4.0.1,npm,ForbesLindesay
content-disposition,0.5.4,npm,Douglas Christopher Wilson
safe-buffer,5.2.1,npm,Feross Aboukhadijeh
content-type,1.0.5,npm,Douglas Christopher Wilson
cookie-parser,1.4.6,npm,TJ Holowaychuk
cookie-signature,1.0.6,npm,TJ Holowaychuk
cookie,0.4.1,npm,Roman Shtylman
copy-descriptor,0.1.1,npm,Jon Schlinkert
core-util-is,1.0.3,npm,Isaac Z. Schlueter
cors,2.8.5,npm,Troy Goode
crc,3.8.0,npm,Alex Gorbatchev
crc32-stream,2.0.0,npm,Chris Talkington
create-require,1.1.1,npm,
crypto-js,3.3.0,npm,Evan Vosberg
dashdash,1.14.1,npm,Trent Mick
date-fns,2.29.3,npm,
dateformat,4.6.3,npm,Steven Levithan
debug,2.6.9,npm,TJ Holowaychuk
decamelize,1.2.0,npm,Sindre Sorhus
decode-uri-component,0.2.2,npm,Sam Verschueren
decompress-response,3.3.0,npm,
decompress-tar,4.1.1,npm,Kevin Mårtensson
file-type,5.2.0,npm,Sindre Sorhus
decompress-tarbz2,4.1.1,npm,Kevin Mårtensson
file-type,6.2.0,npm,Sindre Sorhus
decompress-targz,4.1.1,npm,Kevin Mårtensson
decompress-unzip,4.0.1,npm,Kevin Mårtensson
file-type,3.9.0,npm,Sindre Sorhus
get-stream,2.3.1,npm,Sindre Sorhus
pify,2.3.0,npm,Sindre Sorhus
decompress,4.2.1,npm,Kevin Mårtensson
make-dir,1.3.0,npm,Sindre Sorhus
pify,3.0.0,npm,Sindre Sorhus
deep-equal,2.2.0,npm,James Halliday
deep-extend,0.6.0,npm,Viacheslav Lotsmanov
deep-is,0.1.4,npm,Thorsten Lorenz
define-properties,1.2.0,npm,Jordan Harband
define-property,2.0.2,npm,Jon Schlinkert
delayed-stream,1.0.0,npm,Felix Geisendörfer
delegates,1.0.0,npm,
depd,2.0.0,npm,Douglas Christopher Wilson
destroy,1.2.0,npm,Jonathan Ong
detect-file,1.0.0,npm,Brian Woodward
detect-libc,1.0.3,npm,Lovell Fuller
dfa,1.2.0,npm,Devon Govett
dicer,0.2.5,npm,Brian White
diff,4.0.2,npm,
doctypes,1.1.0,npm,ForbesLindesay
domelementtype,1.3.1,npm,Felix Boehm
domhandler,2.1.0,npm,Felix Boehm
domutils,1.1.6,npm,Felix Boehm
dottie,2.0.3,npm,Mick Hansen
double-ended-queue,0.9.7,npm,Petka Antonov
doublearray,0.0.2,npm,takuyaa
download,8.0.0,npm,Kevin Mårtensson
file-type,11.1.0,npm,Sindre Sorhus
duplexer2,0.1.4,npm,Conrad Pankoff
duplexer3,0.1.5,npm,
dynamic-dedupe,0.3.0,npm,Thorsten Lorenz
ecc-jsbn,0.1.2,npm,Jeremie Miller
ee-first,1.1.1,npm,Jonathan Ong
eivindfjeldstad-dot,0.0.1,npm,
emoji-regex,8.0.0,npm,Mathias Bynens
enabled,2.0.0,npm,Arnout Kazemier
encodeurl,1.0.2,npm,
encoding,0.1.13,npm,Andris Reinman
iconv-lite,0.6.3,npm,Alexander Shtuchkin
end-of-stream,1.4.4,npm,Mathias Buus
engine.io-parser,4.0.3,npm,
engine.io,4.1.2,npm,Guillermo Rauch
env-paths,2.2.1,npm,Sindre Sorhus
err-code,1.1.2,npm,IndigoUnited
error-ex,1.3.2,npm,
errorhandler,1.5.1,npm,
es-get-iterator,1.1.3,npm,Jordan Harband
escape-html,1.0.3,npm,
escape-string-regexp,1.0.5,npm,Sindre Sorhus
escodegen,2.0.0,npm,
esprima,4.0.1,npm,Ariya Hidayat
estraverse,5.3.0,npm,
esutils,2.0.3,npm,
etag,1.8.1,npm,
eventemitter2,0.4.14,npm,hij1nx
eventemitter3,1.1.1,npm,Arnout Kazemier
exif,0.6.0,npm,
exit,0.1.2,npm,"""Cowboy"" Ben Alman"
expand-brackets,2.1.4,npm,Jon Schlinkert
expand-template,2.0.3,npm,LM
expand-tilde,2.0.2,npm,Jon Schlinkert
express-ipfilter,1.3.1,npm,jetersen
express-jwt,0.1.3,npm,Matias Woloski
jsonwebtoken,0.1.0,npm,auth0
moment,2.0.0,npm,Tim Wood
express-rate-limit,5.5.1,npm,Nathan Friedly
express-robots-txt,0.4.1,npm,modosc
express-security.txt,2.0.0,npm,
express,4.18.2,npm,TJ Holowaychuk
body-parser,1.20.1,npm,
cookie,0.5.0,npm,Roman Shtylman
raw-body,2.5.1,npm,Jonathan Ong
ext-list,2.2.2,npm,Kevin Mårtensson
ext-name,5.0.0,npm,Kevin Mårtensson
extend-shallow,3.0.2,npm,Jon Schlinkert
extend,3.0.2,npm,Stefan Thomas
extglob,2.0.4,npm,Jon Schlinkert
extsprintf,1.3.0,npm,
fast-deep-equal,3.1.3,npm,Evgeny Poberezkin
fast-json-stable-stringify,2.1.0,npm,James Halliday
fast-levenshtein,2.0.6,npm,Ramesh Nair
fast.js,0.1.1,npm,Charles Pick
fd-slicer,1.1.0,npm,Andrew Kelley
feature-policy,0.5.0,npm,Evan Hahn
fecha,4.2.3,npm,Taylor Hakes
file-js,0.3.0,npm,nspragg@gmail.com
brace-expansion,1.1.11,npm,Julian Gruber
minimatch,3.1.2,npm,Isaac Z. Schlueter
file-stream-rotator,0.5.7,npm,Roger Castells
file-type,16.5.4,npm,Sindre Sorhus
file-uri-to-path,1.0.0,npm,Nathan Rajlich
filehound,1.17.6,npm,
filename-reserved-regex,2.0.0,npm,Sindre Sorhus
filenamify,3.0.0,npm,Sindre Sorhus
filesniffer,1.0.3,npm,
fill-range,4.0.0,npm,Jon Schlinkert
finale-rest,1.2.0,npm,Tom Juszczyk
finalhandler,1.2.0,npm,Douglas Christopher Wilson
find-up,3.0.0,npm,Sindre Sorhus
findup-sync,2.0.0,npm,"""Cowboy"" Ben Alman"
fined,1.2.0,npm,Gulp Team
flagged-respawn,1.0.1,npm,Gulp Team
fn.name,1.1.0,npm,Arnout Kazemier
fontkit,1.9.0,npm,Devon Govett
for-each,0.3.3,npm,Raynos
for-in,1.0.2,npm,Jon Schlinkert
for-own,1.0.0,npm,Jon Schlinkert
foreachasync,3.0.0,npm,AJ ONeal
forever-agent,0.6.1,npm,Mikeal Rogers
form-data,2.3.3,npm,Felix Geisendörfer
formatio,1.1.1,npm,Christian Johansen
forwarded,0.2.0,npm,
fragment-cache,0.2.1,npm,Jon Schlinkert
fresh,0.5.2,npm,TJ Holowaychuk
from2,2.3.0,npm,Hugh Kennedy
fs-constants,1.0.0,npm,Mathias Buus
fs-extra,9.1.0,npm,JP Richardson
fs-minipass,2.1.0,npm,Isaac Z. Schlueter
fs.realpath,1.0.0,npm,Isaac Z. Schlueter
fstream,1.0.12,npm,Isaac Z. Schlueter
rimraf,2.7.1,npm,Isaac Z. Schlueter
function-bind,1.1.1,npm,Raynos
functions-have-names,1.2.3,npm,Jordan Harband
fuzzball,1.4.0,npm,Nolan Kaplan
gauge,2.7.4,npm,Rebecca Turner
geojson-utils,1.1.0,npm,Max Ogden
get-caller-file,2.0.5,npm,Stefan Penner
get-intrinsic,1.2.0,npm,Jordan Harband
get-stream,4.1.0,npm,Sindre Sorhus
get-value,2.0.6,npm,Jon Schlinkert
getobject,1.0.2,npm,"""Cowboy"" Ben Alman"
getpass,0.1.7,npm,Alex Wilson
github-from-package,0.0.0,npm,James Halliday
glob-parent,5.1.2,npm,Gulp Team
glob,7.2.3,npm,Isaac Z. Schlueter
global-modules,1.0.0,npm,Jon Schlinkert
global-prefix,1.0.2,npm,Jon Schlinkert
which,1.3.1,npm,Isaac Z. Schlueter
gopd,1.0.1,npm,Jordan Harband
got,8.3.2,npm,
graceful-fs,4.2.10,npm,
grunt-cli,1.4.3,npm,Grunt Development Team
nopt,4.0.3,npm,Isaac Z. Schlueter
grunt-contrib-compress,1.6.0,npm,Grunt Team
ansi-styles,2.2.1,npm,Sindre Sorhus
chalk,1.1.3,npm,
supports-color,2.0.0,npm,Sindre Sorhus
grunt-known-options,2.0.0,npm,Grunt Development Team
grunt-legacy-log-utils,2.1.0,npm,"""Cowboy"" Ben Alman"
ansi-styles,4.3.0,npm,Sindre Sorhus
chalk,4.1.2,npm,
color-convert,2.0.1,npm,Heather Arthur
color-name,1.1.4,npm,DY
has-flag,4.0.0,npm,Sindre Sorhus
supports-color,7.2.0,npm,Sindre Sorhus
grunt-legacy-log,3.0.0,npm,"""Cowboy"" Ben Alman"
colors,1.1.2,npm,Marak Squires
grunt-legacy-util,2.0.1,npm,Grunt Development Team
async,3.2.4,npm,Caolan McMahon
grunt-replace-json,0.1.0,npm,Agustin Croce
grunt,1.6.1,npm,Grunt Development Team
findup-sync,5.0.0,npm,Gulp Team
glob,7.1.7,npm,Isaac Z. Schlueter
micromatch,4.0.5,npm,Jon Schlinkert
minimatch,3.0.8,npm,Isaac Z. Schlueter
handlebars,4.7.7,npm,Yehuda Katz
wordwrap,1.0.0,npm,James Halliday
har-schema,2.0.0,npm,Ahmad Nassri
har-validator,5.1.5,npm,Ahmad Nassri
has-ansi,2.0.0,npm,Sindre Sorhus
has-bigints,1.0.2,npm,Jordan Harband
has-flag,3.0.0,npm,Sindre Sorhus
has-property-descriptors,1.0.0,npm,Jordan Harband
has-symbol-support-x,1.4.2,npm,Graham Fairweather
has-symbols,1.0.3,npm,Jordan Harband
has-to-string-tag-x,1.4.1,npm,Graham Fairweather
has-tostringtag,1.0.0,npm,Jordan Harband
has-unicode,2.0.1,npm,Rebecca Turner
has-value,1.0.0,npm,Jon Schlinkert
has-values,1.0.0,npm,Jon Schlinkert
kind-of,4.0.0,npm,Jon Schlinkert
has,1.0.3,npm,Thiago de Arruda
hashids,2.2.11,npm,hashids.org
hbs,4.2.0,npm,Don Park
he,0.4.1,npm,Mathias Bynens
heap,0.2.7,npm,Xueqiao Xu
helmet,4.6.0,npm,Adam Baldwin
hoister,0.0.2,npm,Matt McKegg
homedir-polyfill,1.0.3,npm,Brian Woodward
hooker,0.2.3,npm,"""Cowboy"" Ben Alman"
hosted-git-info,2.8.9,npm,Rebecca Turner
html-entities,1.4.0,npm,Marat Dulin
htmlparser2,3.3.0,npm,Felix Boehm
readable-stream,1.0.34,npm,Isaac Z. Schlueter
http-cache-semantics,3.8.1,npm,Kornel Lesiński
http-errors,2.0.0,npm,Jonathan Ong
http-proxy-agent,5.0.0,npm,Nathan Rajlich
http-signature,1.2.0,npm,"Joyent, Inc"
https-proxy-agent,5.0.1,npm,Nathan Rajlich
humanize-ms,1.2.1,npm,dead-horse
i18n,0.11.1,npm,Marcus Spiegel
iconv-lite,0.4.24,npm,Alexander Shtuchkin
ieee754,1.2.1,npm,Feross Aboukhadijeh
ignore-walk,3.0.4,npm,Isaac Z. Schlueter
iltorb,2.4.5,npm,
imurmurhash,0.1.4,npm,Jens Taylor
indent-string,4.0.0,npm,Sindre Sorhus
infer-owner,1.0.4,npm,Isaac Z. Schlueter
inflection,1.13.4,npm,dreamerslab
inflight,1.0.6,npm,Isaac Z. Schlueter
inherits,2.0.4,npm,
ini,1.3.8,npm,Isaac Z. Schlueter
internal-slot,1.0.5,npm,Jordan Harband
interpret,1.1.0,npm,Tyler Kellen
into-stream,3.1.0,npm,Sindre Sorhus
invariant,2.2.4,npm,Andres Suarez
ip,1.1.8,npm,Fedor Indutny
ip6,0.2.10,npm,Qian Chen
ipaddr.js,1.9.1,npm,whitequark
is-absolute,1.0.0,npm,Jon Schlinkert
is-accessor-descriptor,1.0.0,npm,Jon Schlinkert
is-arguments,1.1.1,npm,Jordan Harband
is-array-buffer,3.0.1,npm,Jordan Harband
is-arrayish,0.2.1,npm,Qix
is-bigint,1.0.4,npm,Jordan Harband
is-binary-path,2.1.0,npm,Sindre Sorhus
is-boolean-object,1.1.2,npm,Jordan Harband
is-buffer,1.1.6,npm,Feross Aboukhadijeh
is-callable,1.2.7,npm,Jordan Harband
is-core-module,2.11.0,npm,Jordan Harband
is-data-descriptor,1.0.0,npm,Jon Schlinkert
is-date-object,1.0.5,npm,Jordan Harband
is-descriptor,1.0.2,npm,Jon Schlinkert
is-docker,2.2.1,npm,Sindre Sorhus
is-expression,4.0.0,npm,Timothy Gu
is-extendable,1.0.1,npm,Jon Schlinkert
is-extglob,2.1.1,npm,Jon Schlinkert
is-fullwidth-code-point,1.0.0,npm,Sindre Sorhus
is-generator-function,1.0.10,npm,Jordan Harband
is-glob,3.1.0,npm,Jon Schlinkert
is-heroku,2.0.0,npm,Sindre Sorhus
is-lambda,1.0.1,npm,Thomas Watson Steen
is-map,2.0.2,npm,Jordan Harband
is-natural-number,4.0.1,npm,Shinnosuke Watanabe
is-number-like,1.0.8,npm,Vigour.io
is-number-object,1.0.7,npm,Jordan Harband
is-number,3.0.0,npm,Jon Schlinkert
is-object,1.0.2,npm,Raynos
is-plain-obj,1.1.0,npm,Sindre Sorhus
is-plain-object,2.0.4,npm,Jon Schlinkert
is-promise,2.2.2,npm,ForbesLindesay
is-regex,1.1.4,npm,Jordan Harband
is-relative,1.0.0,npm,Jon Schlinkert
is-retry-allowed,1.2.0,npm,Vsevolod Strukchinsky
is-set,2.0.2,npm,Jordan Harband
is-shared-array-buffer,1.0.2,npm,Jordan Harband
is-stream,1.1.0,npm,Sindre Sorhus
is-string,1.0.7,npm,Jordan Harband
is-symbol,1.0.4,npm,Jordan Harband
is-typed-array,1.1.10,npm,Jordan Harband
is-typedarray,1.0.0,npm,Hugh Kennedy
is-unc-path,1.0.0,npm,Jon Schlinkert
is-weakmap,2.0.1,npm,Jordan Harband
is-weakset,2.0.2,npm,Jordan Harband
is-windows,1.0.2,npm,Jon Schlinkert
isarray,2.0.5,npm,Julian Gruber
isexe,2.0.0,npm,Isaac Z. Schlueter
isobject,3.0.1,npm,Jon Schlinkert
isstream,0.1.2,npm,Rod Vagg
isurl,1.0.0,npm,Steven Vachon
js-stringify,1.0.2,npm,ForbesLindesay
js-tokens,4.0.0,npm,Simon Lydell
js-yaml,3.14.1,npm,Vladimir Zapparov
jsbn,0.1.1,npm,Tom Wu
json-buffer,3.0.0,npm,Dominic Tarr
json-parse-better-errors,1.0.2,npm,Kat Marchán
json-schema-traverse,0.4.1,npm,Evgeny Poberezkin
json-schema,0.4.0,npm,Kris Zyp
json-stringify-safe,5.0.1,npm,Isaac Z. Schlueter
json5,2.2.3,npm,Aseem Kishore
jsonfile,6.1.0,npm,JP Richardson
jsonwebtoken,0.4.0,npm,auth0
jsprim,1.4.2,npm,
jssha,3.3.0,npm,Brian Turek
jstransformer,1.0.0,npm,ForbesLindesay
juicy-chat-bot,0.6.6,npm,Björn Kimminich
jwa,0.0.1,npm,Brian J. Brennan
jws,0.2.6,npm,Brian J Brennan
keyv,3.0.0,npm,Luke Childs
kind-of,6.0.3,npm,Jon Schlinkert
kuler,2.0.0,npm,Arnout Kazemier
kuromoji,0.1.2,npm,Takuya Asano
lazystream,1.0.1,npm,Jonas Pommerening
levn,0.3.0,npm,George Zahariev
libxmljs2,0.30.1,npm,marudor
nan,2.15.0,npm,
liftup,3.0.1,npm,Grunt Development Team
findup-sync,4.0.0,npm,Gulp Team
linebreak,1.1.0,npm,Devon Govett
base64-js,0.0.8,npm,T. Jameson Little
listenercount,1.0.1,npm,jden
locate-path,3.0.0,npm,Sindre Sorhus
lodash.camelcase,4.3.0,npm,John-David Dalton
lodash.isfinite,3.3.2,npm,John-David Dalton
lodash.set,4.3.2,npm,John-David Dalton
lodash,4.17.21,npm,John-David Dalton
logform,2.5.1,npm,Charlie Robbins
ms,2.1.3,npm,
lolex,1.3.2,npm,Christian Johansen
loose-envify,1.4.0,npm,Andres Suarez
lowercase-keys,1.0.1,npm,Sindre Sorhus
lru-cache,6.0.0,npm,Isaac Z. Schlueter
make-dir,2.1.0,npm,Sindre Sorhus
make-error,1.3.6,npm,Julien Fontanet
make-fetch-happen,9.1.0,npm,Kat Marchán
once,1.1.2,npm,Nathan Rajlich
http-cache-semantics,4.1.1,npm,Kornel Lesiński
http-proxy-agent,4.0.1,npm,Nathan Rajlich
make-iterator,1.0.1,npm,Jon Schlinkert
make-plural,6.2.2,npm,Eemeli Aro
map-cache,0.2.2,npm,Jon Schlinkert
map-visit,1.0.0,npm,Jon Schlinkert
marsdb,0.6.11,npm,Artem Artemev
math-interval-parser,2.0.1,npm,Dmitry Semigradsky
media-typer,0.3.0,npm,Douglas Christopher Wilson
merge-descriptors,1.0.1,npm,Jonathan Ong
messageformat-formatters,2.0.1,npm,Eemeli Aro
messageformat-parser,4.1.3,npm,
messageformat,2.3.0,npm,Alex Sexton
make-plural,4.3.0,npm,Eemeli Aro
methods,1.1.2,npm,
micromatch,3.1.10,npm,Jon Schlinkert
mime-db,1.52.0,npm,
mime-types,2.1.35,npm,
mime,1.6.0,npm,Robert Kieffer
mimic-response,1.0.1,npm,Sindre Sorhus
minimatch,5.1.6,npm,Isaac Z. Schlueter
minimist,1.2.8,npm,James Halliday
minipass-collect,1.0.2,npm,Isaac Z. Schlueter
minipass-fetch,1.4.1,npm,
minipass-flush,1.0.5,npm,Isaac Z. Schlueter
minipass-pipeline,1.2.4,npm,Isaac Z. Schlueter
minipass-sized,1.0.3,npm,Isaac Z. Schlueter
minipass,3.3.6,npm,Isaac Z. Schlueter
minizlib,2.1.2,npm,Isaac Z. Schlueter
mixin-deep,1.3.2,npm,Jon Schlinkert
mkdirp-classic,0.5.3,npm,Mathias Buus
mkdirp,0.5.6,npm,James Halliday
moment-timezone,0.5.40,npm,Tim Wood
moment,2.29.4,npm,Iskren Ivov Chernev
morgan,1.10.0,npm,
on-finished,2.3.0,npm,
mout,1.2.4,npm,Miller Medeiros
ms,2.0.0,npm,
multer,1.4.4,npm,
mustache,4.2.0,npm,mustache.js Authors
nan,2.17.0,npm,
nanomatch,1.2.13,npm,Jon Schlinkert
napi-build-utils,1.0.2,npm,Jim Schlight
needle,2.9.1,npm,Tomás Pollak
debug,3.2.7,npm,TJ Holowaychuk
negotiator,0.6.3,npm,
neo-async,2.6.2,npm,
node-abi,2.30.1,npm,Lukas Geiger
node-addon-api,4.3.0,npm,
node-fetch,2.6.9,npm,David Frank
node-gyp,8.4.1,npm,Nathan Rajlich
are-we-there-yet,3.0.1,npm,GitHub Inc.
gauge,4.0.4,npm,GitHub Inc.
npmlog,6.0.2,npm,GitHub Inc.
node-pre-gyp,0.15.0,npm,Dane Springmeyer
chownr,1.1.4,npm,Isaac Z. Schlueter
fs-minipass,1.2.7,npm,Isaac Z. Schlueter
minipass,2.9.0,npm,Isaac Z. Schlueter
minizlib,1.3.3,npm,Isaac Z. Schlueter
tar,4.4.19,npm,Isaac Z. Schlueter
yallist,3.1.1,npm,Isaac Z. Schlueter
noop-logger,0.1.1,npm,
nopt,3.0.6,npm,Isaac Z. Schlueter
normalize-package-data,2.5.0,npm,Meryn Stol
normalize-path,2.1.1,npm,Jon Schlinkert
normalize-url,2.0.1,npm,Sindre Sorhus
notevil,1.3.3,npm,Matt McKegg
esprima,1.0.4,npm,
npm-bundled,1.1.2,npm,Isaac Z. Schlueter
npm-normalize-package-bin,1.0.1,npm,Isaac Z. Schlueter
npm-packlist,1.4.8,npm,Isaac Z. Schlueter
npmlog,4.1.2,npm,Isaac Z. Schlueter
number-is-nan,1.0.1,npm,Sindre Sorhus
oauth-sign,0.9.0,npm,Mikeal Rogers
object-assign,4.1.1,npm,Sindre Sorhus
object-copy,0.1.0,npm,Jon Schlinkert
object-inspect,1.12.3,npm,James Halliday
object-is,1.1.5,npm,Jordan Harband
object-keys,1.1.1,npm,Jordan Harband
object-visit,1.0.1,npm,Jon Schlinkert
object.assign,4.1.4,npm,Jordan Harband
object.defaults,1.1.0,npm,Jon Schlinkert
object.map,1.0.1,npm,Jon Schlinkert
object.pick,1.3.0,npm,Jon Schlinkert
on-finished,2.4.1,npm,
on-headers,1.0.2,npm,Douglas Christopher Wilson
once,1.4.0,npm,Isaac Z. Schlueter
one-time,1.0.0,npm,Arnout Kazemier
opentype.js,0.7.3,npm,Frederik De Bleser
optionator,0.8.3,npm,George Zahariev
os-homedir,1.0.2,npm,Sindre Sorhus
os-tmpdir,1.0.2,npm,Sindre Sorhus
osenv,0.1.5,npm,Isaac Z. Schlueter
otplib,12.0.1,npm,Gerald Yeo
p-cancelable,0.4.1,npm,Sindre Sorhus
p-event,2.3.1,npm,Sindre Sorhus
p-finally,1.0.0,npm,Sindre Sorhus
p-is-promise,1.1.0,npm,Sindre Sorhus
p-limit,2.3.0,npm,Sindre Sorhus
p-locate,3.0.0,npm,Sindre Sorhus
p-map,4.0.0,npm,Sindre Sorhus
p-timeout,2.0.1,npm,Sindre Sorhus
p-try,2.2.0,npm,Sindre Sorhus
pako,0.2.9,npm,
parse-filepath,1.0.2,npm,Jon Schlinkert
parse-json,4.0.0,npm,Sindre Sorhus
parse-passwd,1.0.0,npm,Brian Woodward
parseurl,1.3.3,npm,
pascalcase,0.1.1,npm,Jon Schlinkert
path-exists,3.0.0,npm,Sindre Sorhus
path-is-absolute,1.0.1,npm,Sindre Sorhus
path-parse,1.0.7,npm,Javier Blanco
path-root-regex,0.1.2,npm,Jon Schlinkert
path-root,0.1.1,npm,Jon Schlinkert
path-to-regexp,0.1.7,npm,
pdfkit,0.11.0,npm,Devon Govett
peek-readable,4.1.0,npm,Borewit
pend,1.2.0,npm,Andrew Kelley
performance-now,2.1.0,npm,Braveg1rl
pg-connection-string,2.5.0,npm,Blaine Bublitz
picomatch,2.3.1,npm,Jon Schlinkert
pify,4.0.1,npm,Sindre Sorhus
pinkie-promise,2.0.1,npm,Vsevolod Strukchinsky
pinkie,2.0.4,npm,Vsevolod Strukchinsky
png-js,1.0.0,npm,Devon Govett
portscanner,2.2.0,npm,
posix-character-classes,0.1.1,npm,Jon Schlinkert
prebuild-install,5.3.6,npm,Mathias Buus
prelude-ls,1.1.2,npm,George Zahariev
prepend-http,2.0.0,npm,Sindre Sorhus
pretty-bytes,4.0.2,npm,Sindre Sorhus
process-nextick-args,2.0.1,npm,
prom-client,12.0.0,npm,Simon Nyberg
promise-inflight,1.0.1,npm,Rebecca Turner
promise-retry,2.0.1,npm,IndigoUnited
err-code,2.0.3,npm,IndigoUnited
retry,0.12.0,npm,Tim Koschützki
promise,7.3.1,npm,ForbesLindesay
proper-lockfile,1.2.0,npm,IndigoUnited
proxy-addr,2.0.7,npm,Douglas Christopher Wilson
psl,1.9.0,npm,Lupo Montero
pug-attrs,3.0.0,npm,Forbes Lindesay
pug-code-gen,3.0.2,npm,Forbes Lindesay
pug-error,2.0.0,npm,Forbes Lindesay
pug-filters,4.0.0,npm,Forbes Lindesay
pug-lexer,5.0.1,npm,ForbesLindesay
pug-linker,4.0.0,npm,Forbes Lindesay
pug-load,3.0.0,npm,ForbesLindesay
pug-parser,6.0.0,npm,ForbesLindesay
pug-runtime,3.0.1,npm,ForbesLindesay
pug-strip-comments,2.0.0,npm,Timothy Gu
pug-walk,2.0.0,npm,ForbesLindesay
pug,3.0.2,npm,TJ Holowaychuk
pump,3.0.0,npm,Mathias Buus Madsen
punycode,2.3.0,npm,Mathias Bynens
qs,6.11.0,npm,
query-string,5.1.1,npm,Sindre Sorhus
range_check,2.0.4,npm,Kevin Whitman
range-parser,1.2.1,npm,TJ Holowaychuk
raw-body,2.5.2,npm,Jonathan Ong
rc,1.2.8,npm,Dominic Tarr
read-pkg,4.0.1,npm,Sindre Sorhus
readable-stream,2.3.8,npm,
isarray,1.0.0,npm,Julian Gruber
readable-web-to-node-stream,3.0.2,npm,Borewit
readdirp,3.6.0,npm,Thorsten Lorenz
rechoir,0.7.1,npm,Gulp Team
regex-not,1.0.2,npm,Jon Schlinkert
regexp.prototype.flags,1.4.3,npm,Jordan Harband
remove-trailing-separator,1.1.0,npm,darsain
repeat-element,1.1.4,npm,Jon Schlinkert
repeat-string,1.6.1,npm,Jon Schlinkert
replace,1.2.2,npm,Alessandro Maclaine
cliui,6.0.0,npm,Ben Coe
find-up,4.1.0,npm,Sindre Sorhus
locate-path,5.0.0,npm,Sindre Sorhus
minimatch,3.0.5,npm,Isaac Z. Schlueter
p-locate,4.1.0,npm,Sindre Sorhus
path-exists,4.0.0,npm,Sindre Sorhus
wrap-ansi,6.2.0,npm,Sindre Sorhus
yargs-parser,18.1.3,npm,Ben Coe
yargs,15.4.1,npm,
request,2.88.2,npm,Mikeal Rogers
qs,6.5.3,npm,
require-directory,2.1.1,npm,Troy Goode
require-main-filename,2.0.0,npm,Ben Coe
resolve-dir,1.0.1,npm,Jon Schlinkert
resolve-url,0.2.1,npm,Simon Lydell
resolve,1.22.1,npm,James Halliday
responselike,1.0.2,npm,lukechilds
restructure,2.0.1,npm,Devon Govett
ret,0.1.15,npm,Roly Fentanes
retry-as-promised,7.0.4,npm,Mick Hansen
retry,0.10.1,npm,Tim Koschützki
rimraf,3.0.2,npm,Isaac Z. Schlueter
rxjs,6.6.7,npm,Ben Lesh
tslib,1.14.1,npm,Microsoft Corp.
safe-buffer,5.1.2,npm,Feross Aboukhadijeh
safe-regex,1.1.0,npm,James Halliday
safe-stable-stringify,2.4.2,npm,Ruben Bridgewater
safer-buffer,2.1.2,npm,Nikita Skovoroda
samsam,1.1.2,npm,Christian Johansen
sanitize-filename,1.6.3,npm,Parsha Pourkhomami
sanitize-html,1.4.2,npm,P'unk Avenue LLC
lodash,2.4.2,npm,John-David Dalton
sax,1.2.4,npm,Isaac Z. Schlueter
seek-bzip,1.0.6,npm,
semver,7.3.8,npm,GitHub Inc.
send,0.18.0,npm,TJ Holowaychuk
sequelize-pool,7.1.0,npm,Sushant
sequelize,6.29.0,npm,
uuid,8.3.2,npm,
serve-index,1.9.1,npm,Douglas Christopher Wilson
http-errors,1.6.3,npm,Jonathan Ong
inherits,2.0.3,npm,
setprototypeof,1.1.0,npm,Wes Todd
statuses,1.5.0,npm,
serve-static,1.15.0,npm,Douglas Christopher Wilson
set-blocking,2.0.0,npm,Ben Coe
set-value,2.0.1,npm,Jon Schlinkert
setimmediate,1.0.5,npm,YuzuJS
setprototypeof,1.2.0,npm,Wes Todd
side-channel,1.0.4,npm,Jordan Harband
signal-exit,3.0.7,npm,Ben Coe
simple-concat,1.0.1,npm,Feross Aboukhadijeh
simple-get,3.1.1,npm,Feross Aboukhadijeh
decompress-response,4.2.1,npm,Sindre Sorhus
mimic-response,2.1.0,npm,Sindre Sorhus
simple-swizzle,0.2.2,npm,Qix
is-arrayish,0.3.2,npm,Qix
sinon,1.17.7,npm,Christian Johansen
smart-buffer,4.2.0,npm,Josh Glazebrook
snapdragon-node,2.1.1,npm,Jon Schlinkert
snapdragon-util,3.0.1,npm,Jon Schlinkert
snapdragon,0.8.2,npm,Jon Schlinkert
source-map,0.5.7,npm,Nick Fitzgerald
socket.io-adapter,2.1.0,npm,
socket.io-parser,4.0.5,npm,
socket.io,3.1.2,npm,
socks-proxy-agent,6.2.1,npm,Nathan Rajlich
socks,2.7.1,npm,Josh Glazebrook
ip,2.0.0,npm,Fedor Indutny
sort-keys-length,1.0.1,npm,Kevin Mårtensson
sort-keys,1.1.2,npm,Sindre Sorhus
sort-keys,2.0.0,npm,Sindre Sorhus
source-map-resolve,0.5.3,npm,Simon Lydell
source-map-support,0.5.21,npm,
source-map-url,0.4.1,npm,Simon Lydell
source-map,0.6.1,npm,Nick Fitzgerald
spawn-command,0.0.2-1,npm,Maciej Małecki
spdx-correct,3.1.1,npm,Kyle E. Mitchell
spdx-exceptions,2.3.0,npm,The Linux Foundation
spdx-expression-parse,3.0.1,npm,Kyle E. Mitchell
spdx-license-ids,3.0.12,npm,Shinnosuke Watanabe
split-string,3.1.0,npm,Jon Schlinkert
sprintf-js,1.1.2,npm,Alexandru Mărășteanu
sqlite3,5.1.4,npm,Mapbox
sshpk,1.17.0,npm,"Joyent, Inc"
ssri,8.0.1,npm,Kat Marchán
stack-trace,0.0.10,npm,Felix Geisendörfer
static-extend,0.1.2,npm,Jon Schlinkert
statuses,2.0.1,npm,
stop-iteration-iterator,1.0.0,npm,Jordan Harband
stream-buffers,2.2.0,npm,Sam Day
streamsearch,0.1.2,npm,Brian White
strict-uri-encode,1.1.0,npm,Kevin Mårtensson
string_decoder,1.1.1,npm,
string-width,1.0.2,npm,Sindre Sorhus
string.fromcodepoint,0.2.1,npm,Mathias Bynens
string.prototype.codepointat,0.2.1,npm,Mathias Bynens
strip-ansi,3.0.1,npm,Sindre Sorhus
strip-bom,3.0.0,npm,Sindre Sorhus
strip-dirs,2.1.0,npm,Shinnosuke Watanabe
strip-json-comments,2.0.1,npm,Sindre Sorhus
strip-outer,1.0.1,npm,Sindre Sorhus
strtok3,6.3.0,npm,Borewit
supports-color,5.5.0,npm,Sindre Sorhus
supports-preserve-symlinks-flag,1.0.0,npm,Jordan Harband
svg-captcha,1.4.0,npm,Weilin Shi
swagger-ui-dist,4.16.0,npm,
swagger-ui-express,4.6.1,npm,Stephen Scott
tar-fs,2.1.1,npm,Mathias Buus
bl,4.1.0,npm,
tar-stream,2.2.0,npm,Mathias Buus
tar-stream,1.6.2,npm,Mathias Buus
tar,6.1.13,npm,GitHub Inc.
minipass,4.2.1,npm,Isaac Z. Schlueter
tdigest,0.1.2,npm,Will Welch
text-hex,1.0.0,npm,Arnout Kazemier
thirty-two,1.0.2,npm,Chris Umbel
through,2.3.8,npm,Dominic Tarr
timed-out,4.0.1,npm,Vsevolod Strukchinsky
tiny-inflate,1.0.3,npm,Devon Govett
to-buffer,1.1.1,npm,Mathias Buus
to-fast-properties,2.0.0,npm,Sindre Sorhus
to-object-path,0.3.0,npm,Jon Schlinkert
to-regex-range,2.1.1,npm,Jon Schlinkert
to-regex,3.0.2,npm,Jon Schlinkert
toidentifier,1.0.1,npm,Douglas Christopher Wilson
token-stream,1.0.0,npm,ForbesLindesay
token-types,4.2.1,npm,Borewit
toposort-class,1.0.1,npm,
tough-cookie,2.5.0,npm,Jeremy Stashewsky
tr46,0.0.3,npm,Sebastian Mayr
traverse,0.3.9,npm,James Halliday
tree-kill,1.2.2,npm,Peteris Krumins
trim-repeated,1.0.0,npm,Sindre Sorhus
triple-beam,1.3.0,npm,Charlie Robbins
truncate-utf8-bytes,1.0.2,npm,Carl Xiong
ts-node-dev,1.1.8,npm,
ts-node,9.1.1,npm,Blake Embrey
tsconfig,7.0.0,npm,Blake Embrey
tslib,2.5.0,npm,Microsoft Corp.
tunnel-agent,0.6.0,npm,Mikeal Rogers
tweetnacl,0.14.5,npm,TweetNaCl-js contributors
type-check,0.3.2,npm,George Zahariev
type-is,1.6.18,npm,
typecast,0.0.1,npm,
typedarray,0.0.6,npm,James Halliday
typescript,4.9.5,npm,Microsoft Corp.
uglify-js,3.17.4,npm,Mihai Bazon
unbzip2-stream,1.4.3,npm,Jan Bölsche
unc-path-regex,0.1.2,npm,Jon Schlinkert
underscore.string,3.3.6,npm,
unicode-properties,1.4.1,npm,Devon Govett
unicode-trie,2.0.0,npm,Devon Govett
union-value,1.0.1,npm,Jon Schlinkert
unique-filename,1.1.1,npm,Rebecca Turner
unique-slug,2.0.2,npm,Rebecca Turner
unit-compare,1.0.1,npm,nspragg@gmail.com
universalify,2.0.0,npm,Ryan Zimmerman
unpipe,1.0.0,npm,Douglas Christopher Wilson
unset-value,1.0.0,npm,Jon Schlinkert
has-value,0.3.1,npm,Jon Schlinkert
isobject,2.1.0,npm,Jon Schlinkert
has-values,0.1.4,npm,Jon Schlinkert
untildify,2.1.0,npm,Sindre Sorhus
unzipper,0.9.15,npm,Evan Oxfeld
bluebird,3.4.7,npm,Petka Antonov
uri-js,4.4.1,npm,Gary Court
urix,0.1.0,npm,Simon Lydell
url-parse-lax,3.0.0,npm,Sindre Sorhus
url-to-options,1.0.1,npm,Steven Vachon
use,3.1.1,npm,Jon Schlinkert
utf8-byte-length,1.0.4,npm,Carl Xiong
util-deprecate,1.0.2,npm,Nathan Rajlich
util,0.12.5,npm,Joyent
utils-merge,1.0.1,npm,Jared Hanson
uuid,3.4.0,npm,
v8flags,3.2.0,npm,Gulp Team
validate-npm-package-license,3.0.4,npm,Kyle E. Mitchell
validate,4.5.1,npm,Eivind Fjeldstad
validator,13.9.0,npm,Chris O'Hara
vary,1.1.2,npm,Douglas Christopher Wilson
verror,1.10.0,npm,
core-util-is,1.0.2,npm,Isaac Z. Schlueter
vm2,3.9.11,npm,Patrik Simek
acorn,8.8.2,npm,
void-elements,3.1.0,npm,hemanth.hm
walk,2.3.15,npm,AJ ONeal
walkdir,0.0.11,npm,Ryan Day
webidl-conversions,3.0.1,npm,Domenic Denicola
whatwg-url,5.0.0,npm,Sebastian Mayr
which-boxed-primitive,1.0.2,npm,Jordan Harband
which-collection,1.0.1,npm,Jordan Harband
which-module,2.0.0,npm,nexdrew
which-pm-runs,1.1.0,npm,Zoltan Kochan
which-typed-array,1.1.9,npm,Jordan Harband
which,2.0.2,npm,Isaac Z. Schlueter
wide-align,1.1.5,npm,Rebecca Turner
winston-transport,4.5.0,npm,Charlie Robbins
winston,3.8.2,npm,Charlie Robbins
is-stream,2.0.1,npm,Sindre Sorhus
with,7.0.2,npm,ForbesLindesay
wkx,0.5.0,npm,Christian Schwarz
word-wrap,1.2.3,npm,Jon Schlinkert
wordwrap,0.0.3,npm,James Halliday
wrap-ansi,5.1.0,npm,Sindre Sorhus
wrappy,1.0.2,npm,Isaac Z. Schlueter
ws,7.4.6,npm,Einar Otto Stangvik
xtend,4.0.2,npm,Raynos
y18n,4.0.3,npm,Ben Coe
yallist,4.0.0,npm,Isaac Z. Schlueter
yaml-schema-validator,1.2.3,npm,Ketan Saxena
yargs-parser,13.1.2,npm,Ben Coe
yargs,13.3.2,npm,
yauzl,2.10.0,npm,Josh Wolfe
yn,3.1.1,npm,Sindre Sorhus
z85,0.0.2,npm,Michael Sealand
zip-stream,1.2.0,npm,Chris Talkington
zlibjs,0.3.1,npm,Yuta Imaya
